番号,名前,カテゴリ,市町村,緯度,経度,紹介文
01,糸満漁民食堂,ごはん,糸満市,26.140322,127.658829,海人（うみんちゅ）の街・糸満で、県産の魚を食べるお店。名物は魚のバター焼きで、バターソースが3種類から選べます。土鍋の魚汁定食も名物です。
02,沖縄かりゆしレンタカー,その他,豊見城市,26.163664,127.665009,長期滞在ならここが安いです。とにかく安く借りたい人向けで、保険・補償込み。那覇空港からも近め。1ヶ月プランがあって、1ヶ月未満ならその金額で借りられます。ただし車はけっこう年季が入っています。
03,瀬長島ウミカジテラス,買い物,豊見城市,26.176388,127.640405,那覇空港から車で15分ほど。海に面した丘に、白いお店が階段のように並んでいます。真上を飛行機が通っていくのが見えて、夕方の時間がとくにきれいです。帰る日の最後の時間にも寄りやすい場所。
04,いしぐふー 小禄具志店,ごはん,那覇市,26.178896,127.656441,もともとは北部のやんばる店に絵梨香がよく通っていて、単発でバイトをさせてもらったり、畑を掘るのを手伝ったり、家族ぐるみで仲良くしてもらっていました。店長のゆうきさんも奥さんも、人柄が良すぎる方です。そのやんばる店のご夫婦が、いまはこの小禄の店舗にいます。もちろん、そばもとてもおいしいです。
05,楚辺そば,ごはん,那覇市,26.203871,127.684761,那覇で広明がいちばん好きな沖縄そば。古民家で雰囲気もいいです。
06,そば処 こどら,ごはん,那覇市,26.207067,127.680214,友人に連れてきてもらったお店。器からはみ出る本ソーキそばがおいしいです。
07,YoChu（ヨーグルトアイス＆アサイー）,カフェ,那覇市,26.223361,127.7060399,結婚式に来てくれるゲストのせこちゃんが開いたお店。フローズンヨーグルトを自分で好きなだけ入れて、トッピングを選びます。アサイーボウルもあって、おいしいです。
08,おきなわワールド,体験,南城市,26.140242,127.748192,ふたりで行きました。子どもも大人も楽しめます。鍾乳洞だけでなく、エイサーやハブとマングース、ハブ酒の製造工場も見られます。
09,ピザ 喫茶 ミモザの木,ごはん,南城市,26.1718426,127.7657483,沖縄の南の海を眺めながら食べられるピザ屋さん。スーチカーのピザなど、沖縄の食材を使ったものもあります。
10,A&W 牧港店,ごはん,浦添市,26.266688,127.728370,海外のアメリカンダイナーみたいな雰囲気で、レトロでかわいいお店。エンダー（A&W）に行くなら、この牧港店がいちばんおすすめです。
11,貝出汁沖縄そば キセキ 浦添店,ごはん,浦添市,26.2439465,127.7261617,ラーメン寄りの、進化系の沖縄そば。貝だし・濃厚エビ・煮干しの3種類があって、どれもおいしいです（ふたりはエビか貝を選びがち）。北谷店にはレモンのもあって、さっぱりしています。ぜひ一度。
12,バーガーベアダイナー,ごはん,宜野湾市,26.288315,127.768242,アメリカンなバーガー。しっかりおいしいです。
13,アメリカンビレッジ（北谷）,買い物,北谷町,26.311689,127.761368,毎週土曜の20時から、3分間だけ花火が上がります。世界観がとにかくすごい場所。ここで夕陽をたくさん見ました。
14,ZHYVAGO COFFEE ROASTERY（ジバゴコーヒー）,カフェ,北谷町,26.3178421,127.7551243,ふたりがよく作業に使っていたカフェ。美浜の lequ の1階にあって、ゆっくり長居できます。海沿いの WORKS も同じお店です。
15,GORDIE'S（ゴーディーズ）,ごはん,北谷町,26.334035,127.7475013,アメリカンな雰囲気のハンバーガー屋さん。しっかりおいしいです。
16,DOORS（ハワイアンパンケーキ）,カフェ,北谷町,26.3349447,127.7473853,ハワイアンパンケーキのお店。朝ごはんをしっかり食べたい日に。
17,チャタンハーバーブルワリー＆レストラン,ごはん,北谷町,26.3210495,127.754014,その場でビールを造っているお店。ビール好きのふたりにはとてもよかったです。ごはんもおいしい。夕暮れどきに行って、テラスで夕焼けを眺めながら食べるのが最高です。
18,タコス屋 北谷店,ごはん,北谷町,26.323313,127.750437,絵梨香が好きなタコス。
19,Asian Dining Bar A・Danny,ごはん,北谷町,26.3023922,127.7613034,旅行で必ず行く場所ではないけれど、とにかくたくさん食べたいときに。広明が好きなお店です。ここのオーナーは、絵梨香が沖縄を好きになったきっかけの人でもあります。
20,アラハビーチ（安良波公園）,自然,北谷町,26.3041875,127.7585625,海外に来たような気分になるビーチ。基地の人たちも多くて、ムキムキの人がランニングしていたりします。
21,ブルーシール 北谷,カフェ,北谷町,26.3136996,127.7612059,美浜にあるブルーシール。見た目がかわいくて、写真を撮りたくなるお店です。
22,でっち亭,ごはん,嘉手納町,26.363023,127.752561,広明が串源で知り合った、地元の「すーさん」が営んでいる居酒屋。沖縄に来たての絵梨香がとてもよくしてもらって、「うちなーっていいな」と思うきっかけになった人です。
23,シーサイド カデナマリーナ,ごはん,嘉手納町,26.3505153,127.7452362,値段は高めですが、基地のなかに入れて、日本じゃないような空気が味わえます。景色もよくて、エビの料理（ビスマルク）がおいしかったです。
24,Sounds Good organic,買い物,嘉手納町,26.3655865,127.755472,沖縄の自然派ブランドがやっているお店。食品の量り売りや、サステナブルな雑貨が並びます。絵梨香がここで働いていて、写真を撮ったり、SNSをやったり、店舗をつくったりしていました。
25,シアタードーナツ・オキナワ,カフェ,沖縄市,26.336189,127.800674,かなり思い出の場所です。ここでしか上映されていない『人生フルーツ』という映画があると聞いて、まだ付き合う前の広明がひとりで見に行きました。とてもよかったからと、後日、絵梨香を連れて見せに来てくれた場所です。雨の日の予定にもおすすめ。
26,串源,ごはん,沖縄市,26.336409,127.801697,沖縄に慣れてきたらぜひ。名物の串盛りは「なんじゃこら」というくらい大きくて、これで一人分？という量が出てきます。
27,かぼ天の店なかそね,ごはん,沖縄市,26.32616,127.808884,沖縄で一番おいしいサーターアンダギーだと思っています。いろいろ食べ歩きましたが、本島の一番はここです。ちなみに宮古島の一番は「なかゆくい商店」。
28,豆ポレポレ,カフェ,沖縄市,26.3217083,127.8288779,沖縄市にあるコーヒーの焙煎所。豆を買って帰るのにもいいです。
29,Bacon Bar Japan,カフェ,沖縄市,26.3873462,127.8281996,アメリカの方がやっているお店。モーニングに行くと、アメリカンな感じが楽しめます。アメリカンを求めている人にぜひ。
30,サムズ バイザシー 泡瀬店,ごはん,沖縄市,26.3203065,127.8409071,絵梨香の会社の3周年のお祝いで行った場所。異国に来たような気分が味わえて、いい感じです。
31,宮古そばソーキそば専門店 田舎 読谷店,ごはん,読谷村,26.404629,127.737427,かなりディープなそば屋さん。エアコンもない、屋台のようなお店ですが、一度は味わってみてほしいです。
32,バンタカフェ by 星野リゾート,カフェ,読谷村,26.417427,127.718498,有名どころ。出会ってすぐの広明を、絵梨香がはじめて連れて行った場所です。混んでいなければ電源もあるので、よくパソコンで作業していました。畳の席もあっていいです。夕方は特に蚊が増えます。
33,石窯ピザ酒場 まるき 読谷店,ごはん,読谷村,26.423485,127.731331,ふたりで何度か通ったお店。出会ってすぐの頃、海底ワインが飲めるからと絵梨香がひとりで飲みに行こうとしていたところに広明も誘ってみたら、沖縄市でジムに行きかけていた道中からわざわざバスで来てくれました。絵梨香が飲み潰れた日もありました。
34,陶器工房 壹,買い物,読谷村,26.417379,127.738144,絵梨香が好きな工房と、その作品です。
35,やちむんの里,体験,読谷村,26.408676,127.751259,雨の日や、やることがない時にぜひ。いろんな工房が集まっています。
36,座喜味城跡,体験,読谷村,26.406574,127.742130,読谷にある世界遺産の城跡。石を積んだアーチの門と、うねるような城壁が残っています。上まで登れて、天気がいい日は海まで見渡せます。入場は無料です。
37,金月そば 読谷本店,ごはん,読谷村,26.397693,127.757397,自家製麺の沖縄そば。ふつうの沖縄そばよりコシがあって、そば好きの人にこそ食べてみてほしいお店です。つけそばも人気。
38,ぬちまーす工場（ぬちうなー）,体験,うるま市,26.372847,127.989555,アスリートも使う塩の工場。一般的な食塩と比べて塩分が約25%低く、マグネシウムやカリウムなど21種類の海洋ミネラルがそのまま豊富に含まれています。夏の熱中症対策にも、普段の栄養補給にも。
39,果報バンタ,自然,うるま市,26.372847,127.989555,下に降りることはできませんが、高台から「これぞ沖縄の海」という絶景が見られます。
40,ウクン浜（ウクの浜）,自然,うるま市,26.367086,127.989365,宮城島の、崖に囲まれた天然ビーチ。広明が特にお気に入りの場所です。電波もあまり入らないけれど、「何もない」がそこにあります。浜まで車では行けず、途中から土の道を歩きます。監視員もシャワーもトイレもなく、離岸流が起きやすいので、海に入るならライフジャケットを。
41,LACうるま（HAMACHŪ内）,その他,うるま市,26.325302,127.953285,付き合ってから数ヶ月を過ごした場所です。広明はそれ以前から半年ほど通っていました。当時は LivingAnywhere Commons というサービスがあって、月3万円で全国の拠点に泊まれました（今はもうありません）。もともとは浜比嘉中学校の廃校舎を活かした建物です。ここでの出会いも本当によくて、その人たちも結婚式に来てくれます。
42,浜比嘉ビーチ,自然,うるま市,26.320984,127.953651,LACうるまから車で1〜2分。観光客がほとんど来ない、地元のおじいおばあがゆっくりしに来るような穏やかなビーチです。「何もないのがいい」が味わえるので、沖縄を遊び尽くした人にこそ行ってみてほしい場所。8月に滞在していたときは、ここでウミホタルを見ながら星を眺められました。
43,勝連城跡,体験,うるま市,26.330817,127.878597,うるまにある世界遺産。海に向かって段々に積まれた城壁を登っていくと、上から金武湾と海中道路が見渡せます。ふもとに休憩できる施設（あまわりパーク）があります。
44,パーラー K's Pit,ごはん,うるま市,26.421304,127.826424,うるま・石川のハンバーガー屋さん。パーラーらしい気軽さで、しっかりおいしいです。
45,あごーりば食堂,その他,うるま市,26.3700818,127.9834849,宮城島の上原集落にある古民家。地域の人たちが運営している、集まる場所です。広明と絵梨香が三線を習ったのもここ。沖縄そばもおいしいのですが、食堂としては今は臨時休業中です。
46,かね食堂,ごはん,うるま市,26.3285076,127.9014045,地元の人しか来ないような食堂。骨汁定食がめちゃくちゃ満腹になります。絵梨香が浜比嘉に住んでいたころ、よく通っていたお店です。
47,古民家食堂 てぃーらぶい,ごはん,うるま市,26.3259928,127.953014,浜比嘉島の、古民家のそば屋。沖縄だなあという感じが味わえます。
48,丸吉食品,ごはん,うるま市,26.3269917,127.9518951,浜比嘉島の沖縄天ぷら屋さん。沖縄の天ぷらは本州のものとは別物なので、一度試してみてください。
49,うるま陶器（青い器専門店）,買い物,うるま市,26.3304721,127.872917,うるま市・勝連にある、青い器の専門店。やちむんとはまた違う青が並びます。
50,ハイアット リージェンシー 瀬良垣アイランド 沖縄,カフェ,恩納村,26.494987,127.873100,泊まらなくても、ロビーラウンジ＆バーやプールサイドはビジターで使えます。プールサイドでゆっくりドリンクを飲みながら、リゾート気分を味わうのがおすすめ。海も見えます。
51,おんなの駅 なかゆくい市場,買い物,恩納村,26.436348,127.794638,道の駅のなかでも、よく行っていた場所。季節のフルーツやお野菜が安く手に入ります。食べ歩きのお店もたくさん。
52,三矢本舗 恩納店,ごはん,恩納村,26.4983216,127.8532711,名物の三矢ボールは、サーターアンダギーの変わり種。ふたりの中で二番目に好きなサーターアンダギーです（一番は「かぼ天の店なかそね」）。揚がる時間が決まっていて、すぐ売り切れるので要チェック。おんなの駅や万座毛の売店にもお店があります。
53,金月そば 恩納店,ごはん,恩納村,26.515048,127.916803,58号沿い・名嘉真にある恩納店。つけそばが人気で、赤だれのつけそばはコシのある麺とよく合います。
54,アポガマ,自然,恩納村,26.4991363,127.8418842,海に慣れていない人は、絶対に行かないでください。深くて危険です。セルフのダイバーやシュノーケラーがよく行く隠れスポットで、入ってすぐにきれいなサンゴが見えます。行くなら必ずインストラクターさんと一緒に。
55,Blue Entrance Kitchen 沖縄総本店,ごはん,恩納村,26.4482389,127.8030437,ここのタコスはめちゃくちゃおいしいです。ジャンキーなタコスですが。
56,皿の上の自然,ごはん,恩納村,26.4474301,127.8103246,絵梨香が昔働いていたオーベルジュ。泊まらなくても、レストランだけ・ディナーだけの利用もできます。シェフが沖縄の素材を生かした料理を出してくれて、人もあたたかい場所です。
57,青の洞窟（真栄田岬）,自然,恩納村,26.4426007,127.7734664,この近くに住んでいて、よくシュノーケルに行っていました。とてもきれいです。行くなら、ツアーに申し込むのが安心です。
58,GoMe（ゴーミー）／サ郷 kakeRu,体験,恩納村,26.4318367,127.7821954,袋に土を詰んで積み上げる「アースバッグ工法」で建てられたサウナ。その発祥の地だそうです。森のなかにあって、カフェバーや泊まれる場所も同じ敷地にあります。
59,レストラン Bon Côté（ボンコテ）,ごはん,恩納村,26.5155216,127.9169758,角谷（すみや）シェフがやっている、1日1組だけのレストラン。今回の結婚式の料理をお願いしているシェフです。「ぬちぐすい」をコンセプトに、沖縄の食材だけで心も体も元気になる料理を出してくれます。ふたりも食べに行って、とても癒されました。完全予約制です。
60,土花土花（どかどか）,ごはん,恩納村,26.4458817,127.8070981,恩納の高台にある、やちむんのギャラリーも兼ねたお店。石窯で焼くピザが名物で、テラスから海が見渡せます。
61,タピックタラソセンター宜野座,体験,宜野座村,26.4745178,127.9602127,海水を使ったプールの施設。雨で本当に何もできない日の選択肢に、くらいの気持ちで。ふたりも、住み慣れて「どこ行こうね」となってやっと行きました。いまは臨時休業中なので、行く前に確認してください。
62,ナゴノバ（nagonova）,その他,名護市,26.605425,127.971848,名護にある、公園みたいに誰でも自由に使えるコミュニティスペース。本を読んでも、卓球をしても、ただ座っているだけでもいい場所です。フリーマーケットやミュージックナイト、ワークショップも開かれています。火〜土 10:00〜21:00 ／ 日 10:00〜18:00、月曜休み。
63,Warren’s Place 2.1 Burgers & Beer,ごはん,名護市,26.594906,127.971405,研究を重ねて、ウォーレンさんが個人で始めたお店。おすすめはチーズバーガーで、お肉の味を味わってほしいです。少し個性の強い店主さんなので、駐車場などのルールは守って行ってください。
64,さっちゃんそば,ごはん,名護市,26.59399,127.974701,名護でいちばん好きな沖縄そばです。
65,和タコス,ごはん,名護市,26.592113,127.980804,タコス屋さんのなかでも、かなり上位においしいです。有名店。
66,21世紀の森ビーチ,自然,名護市,26.5913125,127.9693125,派手じゃない、名護のローカルな海。ゆったりした時間が流れていて、貸し切りのような気分が味わえます。夕日をひとりで眺めている人もちらほら。場所によっては猫がたくさんいます。疲れたなという人は、ここでぼーっとするのがいいです。
67,inno coffee shop（伊野コーヒー）,カフェ,名護市,26.5895151,127.9836375,名護の商店街のなかにあるコーヒー屋さん。一杯ずつ丁寧に淹れてくれます。絵梨香の好きなお店。
68,オリオンハッピーパーク（名護工場）,体験,名護市,26.5867877,127.9894972,オリオンビールの工場見学。最後にできたてのビールが飲めて、これがまた水のようにするする飲めます。暑い沖縄にぴったり。運転する人を忘れずに連れて行ってください。
69,ナゴパイナップルパーク,体験,名護市,26.6164971,127.9695744,世間はジャングリア、通はパイナップルパークだと思っています。大人も意外と楽しめる場所。
70,中山コーヒー園,カフェ,名護市,26.6325485,127.9552719,やんばるの入り口、名護の中山にあるコーヒー園のカフェ。沖縄県産のコーヒーが飲めて、雰囲気がとてもいいです。
71,沖縄北部レンタカー Yambee!（ヤンビー）,その他,名護市,26.6051866,127.9730186,結婚式に来てくれるコウキさんがやっている、やんばる・名護のレンタカー屋さん。空港への送迎もしてくれます。
72,ブルーシール 名護店,カフェ,名護市,26.576110,127.983973,買ってから歩いて1分。海を見ながらアイスが食べられます。
73,ゆんたくコリビング One Story.s / ワンストーリーズ,その他,本部町,26.701063,127.894981,今年の2月に、ひと月ほど滞在した場所。毎晩のゆんたくが本当にいい時間で、家族みたいに思える人たちができました。オーナーご夫婦とご家族も、今回ゲストとして来てくれます。
74,備瀬のフクギ並木,自然,本部町,26.700535,127.880211,並木のなかは、ただ歩くだけで雰囲気がいいです。夕日の時間のチルにもいい場所。蚊が多いので、虫除けだけは必ず持っていってください。
75,ゴリラチョップ（崎本部緑地）,自然,本部町,26.6370287,127.8823477,ゴリラが手刀（チョップ）をしているように見える岩が目印。比較的セルフでもシュノーケルしやすい場所で、「こんなところにサンゴが？」という海が見られます。絵梨香が広明をシュノーケルに連れていったのもここです。
76,阿吽（あうん）,カフェ,本部町,26.6685051,127.9139223,本部の山里にある、のんびりしたカフェ。となりの工房（もとぶ南蛮窯）で、やちむんも買えます。絵梨香もここで器を買いました。
77,やちむん喫茶シーサー園,カフェ,本部町,26.6438348,127.9411989,本部・伊豆味の古民家の喫茶。赤瓦の屋根にシーサーがずらりと並んでいます。
78,伊豆味そば（いずみそば）,ごはん,本部町,26.6433011,127.9398516,評判はずっと聞いているのに、タイミングが合わずまだ行けていないお店。ふたりとも行ってみたい場所です。
79,そば屋 よしこ,ごはん,本部町,26.639664,127.9583981,超ローカルな感じで素朴だけれど、すごくおいしいです。地味に、ふたりが好きなお店。
80,ハコニワ,カフェ,本部町,26.6440477,127.955387,本部・伊豆味の山のなかにある古民家のカフェ。静かで、縁側のような席から緑が見えます。
81,亜熱帯サウナ,体験,本部町,26.64191,127.9520747,伊豆味の山のなかにあるサウナ。やんばるの緑に囲まれて外気浴ができる、ここでしか味わえないサウナです。
82,藍風（あいかぜ）,買い物,本部町,26.664195,127.9419367,本部・伊豆味の藍染めのお店。深い藍色の服や小物が並びます。
83,亜熱帯茶屋,カフェ,本部町,26.6670989,127.9003219,本部の高台にある、木づくりの茶屋。テラス席から海が見渡せて、自然のなかにいる開放感があります。
84,アイスクリンカフェ アーク,カフェ,本部町,26.6678736,127.8919255,沖縄のアイスクリンが食べられるお店。アンティーク調の店内で、窓から海が見えます。パフェもあります。
85,fuu cafe（フーカフェ）,カフェ,本部町,26.6452258,127.8591347,橋を渡って行ける瀬底島の、古民家のカフェ。緑に囲まれていて、雰囲気がとてもいいです。名物はアグー豚丼。沖縄の自然を味わいながらごはんが食べられます。
86,カフェ こくう,カフェ,今帰仁村,26.6799769,127.9419215,絵梨香の好きなカフェ。今帰仁の高台にあって、地元の野菜を使ったプレートがとてもおいしいです。窓の外には畑と海が広がります。
87,ワルミ大橋,自然,今帰仁村,26.6674401,127.9949225,絵梨香のお気に入りの場所。駐車場に車を止めて、ぜひ橋の真ん中まで歩いてみてください。すぐ近くの「リカリカワルミ」も、休憩に寄るのにおすすめです。
88,森の巣箱（カフェとサウナ）,カフェ,今帰仁村,26.6597603,127.987204,今帰仁の森のなかにある、カフェとプライベートサウナ。テラス席では、鳥の声と木のあいだを抜ける風が気持ちいいです。ふたりもこのサウナに一度入ってみたいと思っています。
89,ター滝,体験,大宜味村,26.639683,128.097565,滝そのものより、川をたどっていく道中が楽しい場所。ふたりでここで滝行をしたのも、いい思い出です。飛び込みもできますが、怪我にはくれぐれも気をつけて。深いところがあるので小さいお子さんには向きません。雨の次の日は川が増水しているのでやめておいてください。駐車場は8:00〜17:30（最終入場16:00）、普通車は2時間500円。Googleマップは「ター滝駐車場」で検索を（「ター滝」だと違う場所に案内されます）。
90,OKINAWA CACAO（沖縄カカオ）,カフェ,大宜味村,26.7113633,128.1627697,大宜味村で、カカオからチョコレートを作っているお店。ホットチョコレートが飲めて、おみやげも買えます。
91,又吉コーヒー園 ヤンバルンチャー 東村店,体験,東村,26.603376,128.144623,これぞ沖縄の森、という場所で自然体験ができます。世界遺産のやんばるの森のなかをジップラインできるのが魅力。高いところが苦手なのはふたりとも同じですが、誕生日に行きました。楽しいです。あわせて、沖縄県産のコーヒー豆の見学もできます。
92,東村ふれあいヒルギ公園,自然,東村,26.6039851,128.1448382,沖縄に来はじめのころに行った場所。マングローブの遊歩道があって、異世界に来たような感じがします。
93,辺戸岬,自然,国頭村,26.871933,128.265744,本島のいちばん北の岬。観光地ですが、遠くてなかなか行かない場所です。それでも、着いたときの景色は圧巻。
94,喫茶 あがち森,カフェ,国頭村,26.7339622,128.1848037,やんばるの奥、国頭村・奥間にある喫茶。友達づてで知り合った場所です。北まで足をのばした日のひと休みに。
95,Bookcafe Okinawa Rail,カフェ,国頭村,26.7268965,128.208632,やんばるの森に囲まれたブックカフェ。ふたりとも好きな場所で、本を読みながらゆっくり時間を使えます。
